Header,Link
BMW 428 Gran Coupe,https://autoplius.lt/skelbimai/bmw-428-gran-coupe-2-0-l-kupe-coupe-2015-benzinas-26837939.html
BMW 530,https://autoplius.lt/skelbimai/bmw-530-2-0-l-sedanas-2019-benzinas-26808537.html
BMW 530,https://autoplius.lt/skelbimai/bmw-530-2-0-l-sedanas-2021-benzinas-26749453.html
Fiat 500X,https://autoplius.lt/skelbimai/fiat-500x-2-4-l-visureigis-krosoveris-2016-benzinas-dujos-26862175.html
BMW 320 Gran Turismo,https://autoplius.lt/skelbimai/bmw-320-gran-turismo-2-0-l-hecbekas-2016-dyzelinas-26830873.html
BMW 320,https://autoplius.lt/skelbimai/bmw-320-2-0-l-universalas-2020-dyzelinas-26852143.html
Mazda CX-5,https://autoplius.lt/skelbimai/mazda-cx-5-2-0-l-visureigis-krosoveris-2017-benzinas-26740367.html
Mercedes-Benz CLK320,https://autoplius.lt/skelbimai/mercedes-benz-clk320-3-2-l-kupe-coupe-2002-benzinas-dujos-26445796.html
BMW 520,https://autoplius.lt/skelbimai/bmw-520-2-0-l-universalas-2006-dyzelinas-26806059.html
Volkswagen Amarok,https://autoplius.lt/skelbimai/volkswagen-amarok-2-0-l-pikapas-2014-dyzelinas-26615729.html
Land Rover Discovery Sport,https://autoplius.lt/skelbimai/land-rover-discovery-sport-2-0-l-visureigis-krosoveris-2020-dyzelinas-elektra-25338021.html
Toyota Prius,https://autoplius.lt/skelbimai/toyota-prius-1-5-l-hecbekas-2008-benzinas-elektra-26782479.html
Mercedes-Benz C220,https://autoplius.lt/skelbimai/mercedes-benz-c220-2-1-l-universalas-2009-dyzelinas-26866731.html
Peugeot 508,https://autoplius.lt/skelbimai/peugeot-508-2-0-l-universalas-2011-dyzelinas-26838409.html
BMW 318,https://autoplius.lt/skelbimai/bmw-318-2-0-l-universalas-2009-dyzelinas-26753921.html
BMW 530,https://autoplius.lt/skelbimai/bmw-530-3-0-l-sedanas-2004-benzinas-26144972.html
Lexus LS 460,https://autoplius.lt/skelbimai/lexus-ls-460-4-6-l-sedanas-2008-benzinas-26784487.html
BMW 525,https://autoplius.lt/skelbimai/bmw-525-3-0-l-universalas-2011-dyzelinas-26347076.html
BMW 325,https://autoplius.lt/skelbimai/bmw-325-3-0-l-kupe-coupe-2011-dyzelinas-26828241.html
BMW X5,https://autoplius.lt/skelbimai/bmw-x5-3-0-l-visureigis-krosoveris-2010-dyzelinas-26868613.html
