Title,Link
Dronas DJI Mini 2 SE,https://www.varle.lt/dronai/dronas-dji-mini-2-se--23792132.html
DJI Mini 4 Pro Fly More Combo ( DJI RC 2 ) dronas,https://www.varle.lt/dronai/dji-mini-4-pro-fly-more-combo-dji-rc-2-dronas--29184156.html
Dronas DJI Mini 2 SE Fly More Combo,https://www.varle.lt/dronai/dronas-dji-mini-2-se-fly-more-combo--23881156.html
Dronas DJI Air 3 Fly More Combo su DJI RC 2 valdymo pultu,https://www.varle.lt/dronai/dronas-dji-air-3-fly-more-combo-su-dji-rc-2-valdymo--26530863.html
Dronas DJI Mini 3 Fly More Combo su DJI RC valdymo pultu ir papildomais aksesuarais,https://www.varle.lt/dronai/dronas-dji-mini-3-fly-more-combo-su-dji-rc-valdymo--21966035.html
Dronas DJI Mavic 3 Pro Cine Premium Combo (DJI RC Pro),https://www.varle.lt/dronai/dronas-dji-mavic-3-pro-cine-premium-combo-dji-rc--24575445.html
Parrot Anafi USA GOV dronas,https://www.varle.lt/dronai/parrot-anafi-usa-gov-dronas--31775527.html
Dronas Dji Mavic 3 Pro (DJI RC),https://www.varle.lt/dronai/dronas-dji-mavic-3-pro-dji-rc--24505758.html
Extra Digital Kroviklis DJI Mavic Mini 2 / SE,https://www.varle.lt/dronai/extra-digital-kroviklis-dji-mavic-mini-2-se--39704489.html
DJI Avata 2 dronas,https://www.varle.lt/dronai/dji-avata-2-dronas--34746172.html
DJI Neo Drone Fly More Combo dronas,https://www.varle.lt/dronai/dji-neo-drone-fly-more-combo-dronas--38775265.html
Dronas DJI Mavic Air 2S,https://www.varle.lt/dronai/dronas-dji-mavic-air-2s--15711420.html
Dronas DJI Avata Pro-View Combo,https://www.varle.lt/dronai/dronas-dji-avata-pro-view-combo--20515521.html
DJI Neo Motion Fly More Combo dronas,https://www.varle.lt/dronai/dji-neo-motion-fly-more-combo-dronas--40643087.html
DJI Mavic 3 Multispectral dronas,https://www.varle.lt/dronai/dji-mavic-3-multispectral--24380630.html
Dronas Allnoel E95 Pro,https://www.varle.lt/dronai/dronas-allnoel-e95-pro--32423660.html
DJI Neo,https://www.varle.lt/dronai/dji-neo--38664654.html
Drono rinkinys  Extralink Dron E88 Pro |+ 3 baterijos + dėklas | 1800mAh,https://www.varle.lt/dronai/drono-rinkinys-extralink-dron-e88-pro-3-baterijos--38259682.html
"Extralink Dronas E99 Pro su 3 baterijomis ir dėklu, pilkas",https://www.varle.lt/dronai/extralink-dronas-e99-pro-su-3-baterijomis-ir-deklu--39673705.html
DJI Mini 4 Pro (DJI RC-N2) dronas,https://www.varle.lt/dronai/dji-mini-4-pro-dji-rc-n2-dronas--29184151.html
Dronas DJI Mini 4K su RC-N1C valdymo pultu,https://www.varle.lt/dronai/dronas-dji-mini-4k-su-rc-n1c-valdymo-pultu--38764607.html
"Rankomis valdomas skraidantis dronas, baltas",https://www.varle.lt/dronai/rankomis-valdomas-skraidantis-dronas-baltas--39830592.html
"K911 MAX GPS Dronas 8K suminė filmavimo kamera, profesionalus dvigubas HD fotoaparatas, su dėklu sulankstomas",https://www.varle.lt/dronai/k911-max-gps-dronas-8k-sumine-filmavimo-kamera-profesionalus--35571291.html
Dronas DJI Mini 3 su DJI RC-N1 valdymo pultu,https://www.varle.lt/dronai/dronas-dji-mini-3-su-dji-rc-n1-valdymo-pultu--22802854.html
DJI Mini 4 Pro (DJI RC 2),https://www.varle.lt/dronai/dji-mini-4-pro-dji-rc-2--29184945.html
Dronas DJI Mini 3 Pro su DJI RC pultu,https://www.varle.lt/dronai/dji-mini-3-pro-dronas-su-dji-rc-pultu--18933701.html
Dronas DJI Mavic 3 Pro Fly More Combo (DJI RC),https://www.varle.lt/dronai/dronas-dji-mavic-3-pro-fly-more-combo-dji-rc--24537862.html
Profesionalus sulankstomas dronas su 6K dviguba HD kamera,https://www.varle.lt/dronai/profesionalus-sulankstomas-dronas-su-6k-dviguba-hd--37236572.html
Avernus Dronas S1S 4k HD,https://www.varle.lt/dronai/avernus-dronas-s1s-4k-hd--37604985.html
Dronas DJI Air 3S Fly More Combo su DJI RC 2 valdymo pultu,https://www.varle.lt/dronai/dronas-dji-air-3s-fly-more-combo-su-dji-rc-2-valdymo--39591440.html
Avernus Dronas L900 Pro GPS,https://www.varle.lt/dronai/avernus-dronas-l900-pro-gps--37604944.html
DJI Air 3 Fly More Combo dronas su RC-N2 valdymo pultu,https://www.varle.lt/dronai/dji-air-3-fly-more-combo-dronas-su-rc-n2-valdymo-pultu--26593170.html
Dronas DJI FPV CP.FP.00000009.01 (Atnaujinta),https://www.varle.lt/dronai/dronas-dji-fpv-cpfp0000000901-atnaujinta--32235749.html
Dronas DJI Mavic 3 Classic su DJI RC-N1 valdymo pultu,https://www.varle.lt/dronai/dronas-dji-mavic-3-classic-su-dji-rc-n1-valdymo-pultu--21236869.html
DJI Avata 2 Fly More Combo (trys baterijos) dronai,https://www.varle.lt/dronai/dji-avata-2-fly-more-combo-trys-baterijos-dronai--34230085.html
"Dronas DJI Mini 3 Consumer su DJI RC, Baltos spalvos",https://www.varle.lt/dronai/dronas-dji-mini-3-consumer-su-dji-rc-baltos-spalvos--22854595.html
DJI Air 3 (DJI RC-N2) dronas,https://www.varle.lt/dronai/dji-air-3-dji-rc-n2-dronas--26530862.html
Povandeninins dronas Chasing Dory,https://www.varle.lt/dronai/povandeninins-dronas-chasing-dory--13121223.html
Dronas REBEL DOVE PRO,https://www.varle.lt/dronai/dronas-rebel-dove-pro--28902852.html
Sulankstomas pro dronas „V4 RC “ 4K HD,https://www.varle.lt/dronai/sulankstomas-pro-dronas-v4-rc-4k-hd--36079781.html
Avernus Dronas E63 Pro 4k,https://www.varle.lt/dronai/avernus-dronas-e63-pro-4k--37604932.html
5G WIFI FPV daugiafunkcinis dronas,https://www.varle.lt/dronai/5g-wifi-fpv-daugiafunkcinis-dronas--21901430.html
Chasing Gladius Mini S 200 m povandeninins dronas,https://www.varle.lt/dronai/chasing-gladius-mini-s-200-m-povandeninins-dronas--16194787.html
Dronas DJI Avata (be pulto),https://www.varle.lt/dronai/dji-avata-be-pulto-dronas--20943963.html
Dronas DJI Avata Explorer Combo,https://www.varle.lt/dronai/dronas-dji-avata-explorer-combo--24033286.html
SYMA X20P Quad-Copter 2.4G 4-channel Drone / Juodas / Žalias,https://www.varle.lt/dronai/syma-x20p-quad-copter-24g-4-channel-drone-juodas--15636450.html
"Profesionalus dronas su 8K HD kamera, 5G Wi-Fi",https://www.varle.lt/dronai/profesionalus-dronas-su-8k-hd-kamera-5g-wi-fi--34584205.html
Dronas Ruko F11MINI 4K Wi Fi GPS,https://www.varle.lt/dronai/dronas-ruko-f11mini-4k-wi-fi-gps--38168111.html
"FIMI X8 Pro Combo | Dronas | 2x baterija + krepšys, 4K, GPS, atstumas iki 15km",https://www.varle.lt/dronai/fimi-x8-pro-combo-dronas-2x-baterija-krepsys--36090797.html
Amewi DRE Trix 3in1 Luftkissen Li-Po Akku 350mAh oranžinis /8+,https://www.varle.lt/dronai/amewi-dre-trix-3in1-luftkissen-li-po-akku-350mah-oranzinis--25041047.html
Denver DCW-362,https://www.varle.lt/dronai/denver-dcw-362--37829562.html
"Nuotoliniu būdu valdomas dronas SYMA X37, juodas",https://www.varle.lt/dronai/nuotoliniu-budu-valdomas-dronas-syma-x37-juodas--40528449.html
Dron hoverair x1 - kombinuota mažmeninė prekyba - balta,https://www.varle.lt/dronai/dron-hoverair-x1-kombinuota-mazmenine-prekyba---37361580.html
"Nuotoliniu būdu valdomas dronas Kvadkopteris Flying, oranžinis",https://www.varle.lt/dronai/nuotoliniu-budu-valdomas-dronas-kvadkopteris-flying--40870026.html
"Nuotoliniu būdu valdomas dronas Kvadkopteris Flying, juodas",https://www.varle.lt/dronai/nuotoliniu-budu-valdomas-dronas-kvadkopteris-flying--40870020.html
Autel Robotics EVO MAX 4T,https://www.varle.lt/dronai/autel-robotics-evo-max-4t--35027967.html
Dron Jamara Angel 120,https://www.varle.lt/dronai/dron-jamara-angel-120--12393432.html
Dronas|DJI|Air 3S Fly More Combo (DJI RC-N3)|Consumer|CP.MA.00000815.01,https://www.varle.lt/dronai/dronasdjiair-3s-fly-more-combo-dji-rc-n3consumercpma0000081501--39591441.html
Xiaomi Mi Drone Mini Propeller Guard,https://www.varle.lt/dronai/xiaomi-mi-drone-mini-propeller-guard--14922864.html
Dronas Fimi X8 Mini 3,https://www.varle.lt/dronai/dronas-fimi-x8-mini-3--37807100.html
FIMI X8 Pro dronas su 4K kamera ir GPS,https://www.varle.lt/dronai/fimi-x8-pro-dronas-su-4k-kamera-ir-gps--33039316.html
"Dronas X-IMVNlEI X-IDRONE 19, 720P",https://www.varle.lt/dronai/dronas-x-imvnlei-x-idrone-19-720p--38168114.html
DJI Phantom 4 RTK Combo,https://www.varle.lt/dronai/dji-phantom-4-rtk-combo--10499929.html
DJI FPV Explorer Combo,https://www.varle.lt/dronai/dji-fpv-explorer-combo--28811606.html
"Nuotoliniu būdu valdomas dronas, juodas, Syma X23W FPV WIFI",https://www.varle.lt/dronai/nuotoliniu-budu-valdomas-dronas-juodas-syma-x23w--39567083.html
Povandeninis dronas Chasing Gladius Mini S 100M,https://www.varle.lt/dronai/povandeninis-dronas-chasing-gladius-mini-s-100m--16194786.html
Dronas - HoverAir X1 Baltas,https://www.varle.lt/dronai/dronas-hoverair-x1-baltas--37361578.html
RC dronas,https://www.varle.lt/dronai/rc-dronas--40376720.html
Drone|DJI|Avata 2 (Drone Only)|Consumer|CP.FP.00000149.03,https://www.varle.lt/dronai/dronedjiavata-2-drone-onlyconsumercpfp0000014903--39312270.html
Nuotoliniu būdu valdomas Syma X26 dronas su kliūčių jutikliu,https://www.varle.lt/dronai/nuotoliniu-budu-valdomas-syma-x26-dronas-su-kliuciu--40857258.html
Syma V22 2.4G R/C dronas,https://www.varle.lt/dronai/syma-v22-24g-rc-dronas--34081828.html
DJI Mini 3 Fly More Combo (su išmaniuoju pultu),https://www.varle.lt/dronai/dji-mini-3-fly-more-combo-su-ismaniuoju-pultu--32192724.html
"Extra Digital Kroviklis DJI Mavic Air 2S, DJI Mavic Air 2",https://www.varle.lt/dronai/extra-digital-kroviklis-dji-mavic-air-2s-dji-mavic--31036905.html
Drone|DJI|Inspire 2 X7 Standard Kit|Professional|CP.IN.00000011.01,https://www.varle.lt/dronai/dronedjiinspire-2-x7-standard-kitprofessionalcpin0000001101--30224649.html
Drone|DJI|Mavic 3 Enterprise C2 label|Enterprise|CP.EN.00000498.01,https://www.varle.lt/dronai/dronedjimavic-3-enterprise-c2-labelenterprisecpen0000049801--35492918.html
Dronas  DJI Mini 4K Fly More Combo su DJI  RC-N1C valdymo pultu,https://www.varle.lt/dronai/dronas-dji-mini-4k-fly-more-combo-su-dji-rc-n1c--38731147.html
Dron Allnet Mini Dron 174879 (ALL-GD65ABLUE),https://www.varle.lt/dronai/dron-allnet-mini-dron-174879-all-gd65ablue--28640078.html
"Nuotoliniu būdu valdomas dronas su dėklu ir kamera, juodas",https://www.varle.lt/dronai/nuotoliniu-budu-valdomas-dronas-su-deklu-ir-kamera--40987669.html
"Extra Digital Kroviklis DJI Mavic Air 2S, DJI Mavic Air 2",https://www.varle.lt/dronai/extra-digital-kroviklis-dji-mavic-air-2s-dji-mavic--31036900.html
"Extra Digital Kroviklis DJI Mavic 2, Mavic 2 Pro",https://www.varle.lt/dronai/extra-digital-kroviklis-dji-mavic-2-mavic-2-pro--31330320.html
RC Drone HD plataus kampo kamera,https://www.varle.lt/dronai/rc-drone-hd-plataus-kampo-kamera--40376737.html
Dronas DJI Inspire 3,https://www.varle.lt/dronai/dronas-dji-inspire-3--26077613.html
Dronas DJI Mavic 3 Enterprise,https://www.varle.lt/dronai/dronas-dji-mavic-3-enterprise--22854597.html
Chasing M2 Pro Max Advanced Set,https://www.varle.lt/dronai/chasing-m2-pro-max-advanced-set--34783079.html
Chasing M2 S Standard 200m,https://www.varle.lt/dronai/chasing-m2-s-standard-200m--34783100.html
Rebel Drono baterija DOVE PRO,https://www.varle.lt/dronai/rebel-drono-baterija-dove-pro--36330695.html
Dronas DJI Mavic 3 Pro Fly More Combo (DJI RC PRO),https://www.varle.lt/dronai/dronas-dji-mavic-3-pro-fly-more-combo-dji-rc-pro--24554666.html
"FIMI X8 Mini 3 dronas su 4K kamera ir GPS, oranžinis",https://www.varle.lt/dronai/fimi-x8-mini-3-dronas-su-4k-kamera-ir-gps-oranzinis--37807099.html
Chasing M2 S Advanced Set,https://www.varle.lt/dronai/chasing-m2-s-advanced-set--34783097.html
Extra Digital Kroviklis DJI Mini 2,https://www.varle.lt/dronai/extra-digital-kroviklis-dji-mini-2--31036903.html
Dronas IDEA 33 MORLY 4K kamera 5G Wi Fi FPV,https://www.varle.lt/dronai/dronas-idea-33-morly-4k-kamera-5g-wi-fi-fpv--38168107.html
Dronas Dronas,https://www.varle.lt/dronai/dronas-dronas--39103591.html
Parrot PARPOT ANAFI JAV CENTRINIS KŪNAS,https://www.varle.lt/dronai/parrot-parpot-anafi-jav-centrinis-kunas--37363263.html
DJI Matrice 210 RTK V2,https://www.varle.lt/dronai/dji-matrice-210-rtk-v2--33611226.html
Dronas Parrot Anafi Ai,https://www.varle.lt/dronai/parrot-anafi-ai-dronas--19115381.html
Dronas DJI Matrice 350 RTK,https://www.varle.lt/dronai/dronas-dji-matrice-350-rtk--26653716.html
Povandeninis dronas Chasing Gladius Mini S Flash Pack 100 m su valdoma ranka,https://www.varle.lt/dronai/povandeninis-dronas-chasing-gladius-mini-s-flash-pack--17316969.html
Chasing F1 Pro,https://www.varle.lt/dronai/chasing-f1-pro--34100778.html
Povandeninis dronas Chasing Gladius Mini Drone S Flash Pack 200 m,https://www.varle.lt/dronai/povandeninis-dronas-chasing-gladius-mini-drone-s-flash--17317076.html
"Nuotoliniu būdu valdomas dronas SYMA X26, juodas",https://www.varle.lt/dronai/nuotoliniu-budu-valdomas-dronas-syma-x26-juodas--40528455.html
"Nuotoliniu būdu valdomas dronas su kamera SY16 ir dėklu, juodas",https://www.varle.lt/dronai/nuotoliniu-budu-valdomas-dronas-su-kamera-sy16-ir--40978048.html
"Nuotoliniu būdu valdomas dronas su kamera ir dėklu, juodas",https://www.varle.lt/dronai/nuotoliniu-budu-valdomas-dronas-su-kamera-ir-deklu--40987718.html
Dronas Parrot Anafi USA SE,https://www.varle.lt/dronai/utext-uparrot-dronas-parrot-anafi-usa-se--27038918.html
Dronas|DJI|Air 3S (DJI RC-N3)|Vartotojas|CP.MA.00000814.01,https://www.varle.lt/dronai/dronasdjiair-3s-dji-rc-n3vartotojascpma0000081401--39591438.html
PARROT ANAFI USA HINGE KIT,https://www.varle.lt/dronai/parrot-anafi-usa-hinge-kit--31006492.html
DJI Mavic 3 Multispectral (EU) C2,https://www.varle.lt/dronai/dji-mavic-3-multispectral-eu-c2--34507932.html
Chasing Dory Refurbished,https://www.varle.lt/dronai/chasing-dory-refurbished--41005348.html
DJI Air 3S Fly More Combo (DJI RC-N3),https://www.varle.lt/dronai/dji-air-3s-fly-more-combo-dji-rc-n3--39600470.html
Dronas DJI Phantom 3 Professional (W323B) Naudotas. (Atnaujinta),https://www.varle.lt/dronai/dronas-dji-phantom-3-professional-w323b-naudotas--34782977.html
